{
  "project_info": {
    "project_number": "710742898758",
    "firebase_url": "https://tcr-nodemcu-default-rtdb.firebaseio.com",
    "project_id": "tcr-nodemcu",
    "storage_bucket": "tcr-nodemcu.appspot.com"
  },
  "client": [
    {
      "client_info": {
        "mobilesdk_app_id": "1:710742898758:android:c52a894f36b3efb1dc3247",
        "android_client_info": {
          "package_name": "com.example.tcr"
        }
      },
      "oauth_client": [
        {
          "client_id": "710742898758-hcssjo551sh79g7c93r8d78bnj6c73qo.apps.googleusercontent.com",
          "client_type": 3
        }
      ],
      "api_key": [
        {
          "current_key": "AIzaSyDszvMS_7rK0x2O4L1SSwfxx4Rm55SAYC8"
        }
      ],
      "services": {
        "appinvite_service": {
          "other_platform_oauth_client": [
            {
              "client_id": "710742898758-hcssjo551sh79g7c93r8d78bnj6c73qo.apps.googleusercontent.com",
              "client_type": 3
            }
          ]
        }
      }
    }
  ],
  "configuration_version": "1"
}